<?xml version='1.0' encoding='utf-8' standalone='yes' ?>
<map>
    <int name="AF_CACHE_VERSION" value="2" />
    <boolean name="didSendRevenueTriggerOnLastBackground" value="false" />
    <long name="prev_session_dur" value="7" />
    <string name="afUninstallToken">f8yq1WXnSAWnLnESCaGkpG:APA91bHrMLt_AGhQw7rIFmiryuDPv9Iv2HuRubkCITNRjBVNr5E6u8StsKcYmz8D6irLlAlVJQ1xyLfmfn5bV2etm1dMu71_CszfGRw7mwPxsnO-Qhb0Loo</string>
    <long name="af_rc_max_age" value="86400" />
    <boolean name="ddl_sent" value="true" />
    <string name="sentSuccessfully">true</string>
    <boolean name="sentRegisterRequestToAF" value="true" />
    <string name="af_remote_config">eyJmZWF0dXJlcyI6eyJleGNfbW5nciI6W3siZGF0YSI6eyJ2MSI6eyJzZGtfdmVyIjoiMS45LjkiLCJtaW4iOjEsImV4cGlyZSI6MTB9fX1dfSwidmVyIjoiNDI5NzI5ZmIudjEuMTY4NjI0NzQ4NTAwMCJ9</string>
    <int name="versionCode" value="12168" />
    <string name="savedProperties">{}</string>
    <string name="AF_INSTALLATION">1769672356817-7833364599927139163</string>
    <boolean name="afUninstallToken_queued" value="false" />
    <int name="appsFlyerCount" value="3" />
    <long name="af_rc_timestamp" value="1769672357239" />
    <long name="AppsFlyerTimePassedSincePrevLaunch" value="1769672411513" />
    <boolean name="newGPReferrerSent" value="true" />
    <string name="appsFlyerFirstInstall">2026-01-29_130919+0530</string>
    <int name="af_send_exc_min" value="1" />
    <long name="afUninstallToken_received_time" value="1769672363273" />
    <string name="attributionId">{&quot;install_time&quot;:&quot;2026-01-29 07:39:24.771&quot;,&quot;af_message&quot;:&quot;organic install&quot;,&quot;af_status&quot;:&quot;Organic&quot;,&quot;is_first_launch&quot;:false}</string>
</map>
