<?xml version='1.0' encoding='utf-8' standalone='yes' ?>
<map>
    <boolean name="OptOut:__4722f1bdb8d1421c92158f3e4514529d:6ZW-45W-W84Z" value="true" />
    <string name="pfworkid">6ZW-45W-W84Z</string>
    <string name="instance:6ZW-45W-W84Z">{&quot;accountId&quot;:&quot;6ZW-45W-W84Z&quot;,&quot;accountToken&quot;:&quot;054-016&quot;,&quot;analyticsOnly&quot;:false,&quot;isDefaultInstance&quot;:true,&quot;useGoogleAdId&quot;:false,&quot;disableAppLaunchedEvent&quot;:false,&quot;personalization&quot;:true,&quot;debugLevel&quot;:0,&quot;createdPostAppLaunch&quot;:false,&quot;sslPinning&quot;:false,&quot;backgroundSync&quot;:true,&quot;getEnableCustomCleverTapId&quot;:false,&quot;beta&quot;:false,&quot;encryptionLevel&quot;:0,&quot;allowedPushTypes&quot;:[]}</string>
    <int name="comms_last_ts:6ZW-45W-W84Z" value="1769672362" />
    <int name="comms_first_ts:6ZW-45W-W84Z" value="1769672359" />
    <int name="istmcd_inapp:__4722f1bdb8d1421c92158f3e4514529d:6ZW-45W-W84Z" value="10" />
    <int name="imc:__4722f1bdb8d1421c92158f3e4514529d:6ZW-45W-W84Z" value="10" />
    <int name="encryptionLevel:6ZW-45W-W84Z" value="0" />
    <int name="encryptionMigrationFailureCount:6ZW-45W-W84Z" value="0" />
    <int name="sexe:6ZW-45W-W84Z" value="1769672418" />
    <int name="lastSessionId:6ZW-45W-W84Z" value="1769672357" />
    <string name="deviceId:6ZW-45W-W84Z">__4722f1bdb8d1421c92158f3e4514529d</string>
    <int name="istc_inapp:__4722f1bdb8d1421c92158f3e4514529d:6ZW-45W-W84Z" value="0" />
    <string name="ict_date:__4722f1bdb8d1421c92158f3e4514529d:6ZW-45W-W84Z">29012026</string>
    <string name="fcm_token:6ZW-45W-W84Z">f8yq1WXnSAWnLnESCaGkpG:APA91bHrMLt_AGhQw7rIFmiryuDPv9Iv2HuRubkCITNRjBVNr5E6u8StsKcYmz8D6irLlAlVJQ1xyLfmfn5bV2etm1dMu71_CszfGRw7mwPxsnO-Qhb0Loo</string>
    <boolean name="ssInAppMigrated:6ZW-45W-W84Z" value="true" />
    <string name="SP_KEY_PROFILE_IDENTITIES:6ZW-45W-W84Z">Email,Identity</string>
    <long name="last_assets_cleanup" value="1769672359303" />
</map>
