{"Fid":"f8yq1WXnSAWnLnESCaGkpG","Status":3,"AuthToken":"eyJhbGciOiJFUzI1NiIsInR5cCI6IkpXVCJ9.eyJhcHBJZCI6IjE6ODQ5MjYxMzY5MDg1OmFuZHJvaWQ6ODY0OGNlYzEwMWU2ZmY0MSIsImV4cCI6MTc3MDI3NzE1OCwiZmlkIjoiZjh5cTFXWG5TQVduTG5FU0NhR2twRyIsInByb2plY3ROdW1iZXIiOjg0OTI2MTM2OTA4NX0.AB2LPV8wRQIhAOv22LTjZCrjAJCXW1kAe9OInD2GiULXfv40Ra8zjOVlAiBuE27_mlYGy2-O6sPOoZVqUJlAvcE-9upC1QBCgsKZFw","RefreshToken":"3_AS3qfwKWcXTC8TjQcO6CuH_Q21nyTZrbdap2WnK2008zOfprWD1pzywbGZ8TOc0O1XBOgsSjU0umY1BZPfLrN_EE7A3eF3aitK8kzLPOQNTdn4w","TokenCreationEpochInSecs":1769672358,"ExpiresInSecs":604800}