<?xml version='1.0' encoding='utf-8' standalone='yes' ?>
<map>
    <long name="DownloadDisplayMessageMillis" value="1769605183238" />
    <boolean name="shouldDownloadToSDCard" value="false" />
    <long name="LastLicenseMarkSyncMillis" value="1769619583240" />
    <boolean name="firstAppStartWithoutUser" value="false" />
    <long name="SyncPlayerSdkDownloadMillis" value="1769619583625" />
    <long name="RetryDisabledDownloadSyncMillis" value="1769605183238" />
    <long name="SyncPlayerSdkErrorStateMillis" value="1769605183238" />
    <long name="LastLicenseSyncMillis" value="1769605183238" />
    <long name="RefreshMetadataSyncTTLMillis" value="1770209983625" />
    <long name="QueueDownloadSyncMills" value="1769605183238" />
    <long name="com.amazon.communication.remotesetting.pref.LAST_SUCCESSFUL_SYNC" value="1769605185125" />
    <long name="DeleteDownloadSyncMillis" value="1769605183238" />
    <long name="LastLicenseRepairMillis" value="1769605183238" />
    <long name="DisabledDownloadSyncMillis" value="1769605183238" />
    <long name="com.amazon.communication.remotesetting.pref.LAST_SYNC_ATTEMPT" value="1769605185125" />
    <long name="LastImagesDownloadSyncMillis" value="1769619583625" />
</map>
